{
  "bg": 84, 
  "temp": "absolute", 
  "snoozeBG": 99, 
  "recieved": true, 
  "predBGs": {
    "IOB": [
      84, 
      84, 
      85, 
      85, 
      86, 
      87, 
      88, 
      89, 
      90, 
      92, 
      93, 
      95, 
      96, 
      98, 
      100, 
      101, 
      103, 
      105, 
      106, 
      108, 
      109, 
      110, 
      111, 
      112, 
      113, 
      114, 
      115, 
      116, 
      117, 
      117, 
      118, 
      119, 
      119, 
      119, 
      120
    ]
  }, 
  "reason": "COB: 0, Dev: -10, BGI: 1.86, ISF: 91, Target: 100; Eventual BG 99 < 100, 23m@-0.600 = -0.230 < req -0.022002200220022-0.18", 
  "rate": 0.55, 
  "COB": 0, 
  "eventualBG": 99, 
  "timestamp": "2017-02-05T13:30:38.391262", 
  "duration": 30, 
  "tick": "+1", 
  "IOB": -0.28
}