{
  "bg": 80, 
  "temp": "absolute", 
  "snoozeBG": 96, 
  "recieved": true, 
  "predBGs": {
    "IOB": [
      80, 
      79, 
      78, 
      77, 
      77, 
      77, 
      77, 
      78, 
      79, 
      80, 
      81, 
      83, 
      85, 
      88, 
      90, 
      92, 
      95, 
      97, 
      99, 
      101, 
      103, 
      105, 
      107, 
      109, 
      111, 
      112, 
      114, 
      115, 
      116, 
      117, 
      118, 
      119, 
      119, 
      120, 
      120, 
      121
    ]
  }, 
  "reason": "COB: 0, Dev: -15, BGI: 1.19, ISF: 88, Target: 99; Eventual BG 96 < 99, 25m@-0.700 = -0.292 < req -0.06802721088435373-0.21", 
  "rate": 0.55, 
  "COB": 0, 
  "eventualBG": 96, 
  "timestamp": "2017-02-19T02:29:34.092520", 
  "duration": 30, 
  "tick": -1, 
  "IOB": -0.357
}